CO2 emissions (kg per 2005 PPP $ of GDP),1960,1961,1962,1963,1964,1965,1966,1967,1968,1969,1970,1971,1972,1973,1974,1975,1976,1977,1978,1979,1980,1981,1982,1983,1984,1985,1986,1987,1988,1989,1990,1991,1992,1993,1994,1995,1996,1997,1998,1999,2000,2001,2002,2003,2004,2005,2006,2007,2008,2009,2010,2011
Afghanistan,,,,,,,,,,,,,,,,,,,,,,,,,,,,,,,,,,,,,,,,,,,0.023013302,0.032661335,0.036038515,0.031306458,0.028009154,0.025866747,0.028479977,,,
Albania,,,,,,,,,,,,,,,,,,,,,0.456299372,0.612678133,0.592454735,0.611853696,0.635389217,0.628661184,0.608405637,0.566623153,0.565724677,0.631580692,0.582147525,0.438495608,0.284033656,0.254377748,0.193346159,0.184600197,0.163552743,0.139412239,0.140450338,0.217769839,0.205441367,0.204785867,0.231091691,0.250045804,0.220374017,0.240065093,0.210233442,0.210218647,0.181931564,,,
Algeria,,,,,,,,,,,,,,,,,,,,,0.556157426,0.37695903,0.299592214,0.380910676,0.487365616,0.48110178,0.502167763,0.557710434,0.562189712,0.51346816,0.502065632,0.524673305,0.520477272,0.5330163,0.563134432,0.594932122,0.582809781,0.526492251,0.608210395,0.507006274,0.473539901,0.442446197,0.455473026,0.433950164,0.398948505,0.454387465,0.446209848,0.45516873,0.43883331,,,
American Samoa,,,,,,,,,,,,,,,,,,,,,,,,,,,,,,,,,,,,,,,,,,,,,,,,,,,,
Andorra,,,,,,,,,,,,,,,,,,,,,,,,,,,,,,,,,,,,,,,,,,,,,,,,,,,,
Angola,,,,,,,,,,,,,,,,,,,,,,,,,,0.16206435,0.156297454,0.180754072,0.150986704,0.146837836,0.130244398,0.129971142,0.141244823,0.246261769,0.159575256,0.409106543,0.350504957,0.228559163,0.211871013,0.257119866,0.260097539,0.257213917,0.292379043,0.202552334,0.377698289,0.31919739,0.312923014,0.288085886,0.245289667,,,
Antigua and Barbuda,,,,,,,,,,,,,,,,,,,,,0.277777156,0.198448171,0.54652888,0.150104577,0.237852235,0.374430623,0.332179329,0.338410789,0.333846712,0.315625994,0.323576589,0.309384059,0.306781984,0.305646429,0.290879324,0.314272248,0.294429023,0.293473499,0.278028967,0.278760608,0.271801924,0.265920712,0.273172806,0.278371904,0.2723463,0.263753957,0.241155525,0.223570947,0.227551063,,,
Argentina,,,,,,,,,,,,,,,,,,,,,0.383645724,0.381740461,0.407092584,0.398686706,0.394912786,0.403560569,0.38754333,0.415357636,0.450476202,0.469413691,0.46256056,0.426614517,0.39552188,0.364733889,0.358397431,0.366491539,0.366200926,0.353039719,0.347513281,0.380106501,0.371512383,0.386980373,0.406268939,0.404365253,0.403837967,0.379249613,0.386178946,0.372025789,0.364881582,,,
Armenia,,,,,,,,,,,,,,,,,,,,,,,,,,,,,,,,,0.687933047,0.600294543,0.576667552,0.634799013,0.447831718,0.544996649,0.527803548,0.458693219,0.490785946,0.457929609,0.343013834,0.343383251,0.330459326,0.346276767,0.30796703,0.312691305,0.320931807,,,
Aruba,,,,,,,,,,,,,,,,,,,,,,,,,,,,,,,,,,,,,,,,,,,,,,,,,,,,
Australia,,,,,,,,,,,,,,,,,,,,,0.759984682,0.766950356,0.755090983,0.742925337,0.746854234,0.724323677,0.68915771,0.717203012,0.690750353,0.706878201,0.705969617,0.693375178,0.721932759,0.711636688,0.688659591,0.670132572,0.688902087,0.671362674,0.667496751,0.595608371,0.58015218,0.560195024,0.566595123,0.556803966,0.538825377,0.55056823,0.548631906,0.534568764,0.539721863,,,
Austria,,,,,,,,,,,,,,,,,,,,,0.330016019,0.354658507,0.333862505,0.312940182,0.328193787,0.321208562,0.31037917,0.327000941,0.293636737,0.28717159,0.310529817,0.324792797,0.292855,0.280592187,0.271560308,0.278101702,0.273344271,0.268507293,0.267943964,0.25148309,0.242715673,0.24785046,0.249396303,0.274587295,0.26692323,0.26885645,0.25146382,0.231320959,0.224549173,,,
Azerbaijan,,,,,,,,,,,,,,,,,,,,,,,,,,,,,,,,,1.688724228,2.151883405,2.623956798,2.357509569,2.187248957,1.962630981,1.881149438,1.624277038,1.52420811,1.336623025,1.23185332,1.150425201,1.080796733,0.914151057,0.774758786,0.665560529,0.670413583,,,
Bahamas,,,,,,,,,,,,,,,,,,,,,1.456756874,0.562682839,0.425888133,0.366459235,0.295295698,0.229362086,0.210547536,0.206038897,0.217996707,0.25823763,0.262920824,0.250669526,0.262249438,0.250217008,0.243096746,0.23438845,0.224890146,0.221746586,0.218000345,0.203880655,0.195758166,0.190749788,0.21529121,0.195783409,0.208530113,0.211619312,0.209295888,0.207373183,0.210895989,,,
Bahrain,,,,,,,,,,,,,,,,,,,,,1.042403267,1.189994372,1.485473525,1.167943676,1.244633219,1.446812268,1.544596998,1.452216911,1.444296658,1.388732579,1.34633596,1.171566641,1.010941364,1.280545773,1.293393442,1.307008686,1.22409059,1.316414724,1.334971921,1.253157841,1.231254473,0.879357669,0.941656389,0.921500338,0.915380444,0.914036157,0.929956574,0.913410252,0.899173966,,,
Bangladesh,,,,,,,,,,,,,,,,,,,,,0.139980771,0.140032846,0.148291448,0.136547105,0.143809368,0.156285606,0.16791056,0.167513366,0.187238252,0.181236538,0.197509809,0.196135682,0.207903214,0.194988857,0.20414847,0.234020802,0.235581802,0.233158244,0.212530772,0.212709238,0.221724046,0.245261491,0.243941718,0.232617842,0.257146128,0.229971192,0.267176328,0.252579276,0.235810637,,,
Barbados,,,,,,,,,,,,,,,,,,,,,0.181538809,0.190610836,0.188858563,0.200302132,0.211404746,0.238171873,0.235546997,0.239695675,0.226473735,0.225637059,0.257222125,0.297489255,0.254077446,0.286455302,0.184878023,0.201808631,0.203435347,0.20274653,0.246193401,0.254632412,0.244353822,0.264509881,0.275879748,0.279329574,0.274850187,0.278446597,0.272888909,0.267234481,0.267479199,,,
Belarus,,,,,,,,,,,,,,,,,,,,,,,,,,,,,,,,,1.494180073,1.37612267,1.379765019,1.451247978,1.36713481,1.214213882,1.083961551,1.015948779,0.919817647,0.863978207,0.819270549,0.784810617,0.763161791,0.70716597,0.672996064,0.603886322,0.571018845,,,
Belgium,,,,,,,,,,,,,,,,,,,,,0.659964746,0.606636579,0.571629155,0.492632236,0.498712679,0.486103298,0.470177448,0.460690627,0.428132612,0.44307974,0.433632822,0.461586206,0.442235202,0.425256003,0.428535451,0.417334827,0.435687201,0.408309672,0.410536135,0.385387429,0.371321987,0.365335,0.337711993,0.35776669,0.335720718,0.317652931,0.308427565,0.287706768,0.29151339,,,
Belize,,,,,,,,,,,,,,,,,,,,,0.390798516,0.370979815,0.349711248,0.357234664,0.350374526,0.383556422,0.394992813,0.393211681,0.394794882,0.420967941,0.394445291,0.411569574,0.363607025,0.363295689,0.359201232,0.360401941,0.289779879,0.353154628,0.324362149,0.48417473,0.491008157,0.482747975,0.23203167,0.220910495,0.215294312,0.217004004,0.213115526,0.219769615,0.212158506,,,
Benin,,,,,,,,,,,,,,,,,,,,,0.126274091,0.095294767,0.109145008,0.104944334,0.108037606,0.145684047,0.132754582,0.104825956,0.105511636,0.124228937,0.134117095,0.148428715,0.155966536,0.188482679,0.201625827,0.202248942,0.182620375,0.165560265,0.157892107,0.194091647,0.189911021,0.194401952,0.219782959,0.239108025,0.23961253,0.249238106,0.347845698,0.345955044,0.345034744,,,
Bermuda,,,,,,,,,,,,,,,,,,,,,,,,,,,,,,,,,,,,,,,,,,,,,,,,,,,,
Bhutan,,,,,,,,,,,,,,,,,,,,,,0.061769609,0.073402632,0.060787053,0.098848881,0.115028183,0.094017304,0.145970824,0.135904159,0.072520571,0.136856261,0.190111203,0.215444936,0.180470762,0.198280595,0.21923179,0.251983873,0.311093914,0.286495609,0.268088089,0.258843333,0.250817419,0.285308514,0.238366961,0.222517398,0.297265192,0.172011324,0.20040469,0.242360308,,,
Bolivia,,,,,,,,,,,,,,,,,,,,,0.230775426,0.236287858,0.223204126,0.229468329,0.216566296,0.224855736,0.211306693,0.220041512,0.228606884,0.255312746,0.268903114,0.268213775,0.303550002,0.351978833,0.372642711,0.376653211,0.334511197,0.359129892,0.358749246,0.337942314,0.321259576,0.293059708,0.270277059,0.363265968,0.321632932,0.29834234,0.289452671,0.345294615,0.319811443,,,
Bosnia and Herzegovina,,,,,,,,,,,,,,,,,,,,,,,,,,,,,,,,,,,0.804364708,0.64972264,0.521107639,0.902916903,1.01385591,1.07013246,1.256486138,1.072567806,1.127813356,1.09951438,1.097393428,1.08745234,1.097358006,1.083888639,1.109322681,,,
Botswana,,,,,,,,,,,,,,,,,,,,,0.28846323,0.270387145,0.262975434,0.217699906,0.203416147,0.21054053,0.222350066,0.230666295,0.203246307,0.197298024,0.226779137,0.20819613,0.310346829,0.32415799,0.312809523,0.300867243,0.253897339,0.235844907,0.254441763,0.224098062,0.255195704,0.249959104,0.237343746,0.212372916,0.205562254,0.209016103,0.195905698,0.194470292,0.197268729,,,
Brazil,,,,,,,,,,,,,,,,,,,,,0.203152599,0.195129079,0.194421601,0.194803141,0.187467376,0.186468398,0.189475018,0.190843113,0.192727063,0.190761518,0.194548022,0.201231977,0.203443538,0.203211611,0.202464925,0.220653171,0.236139002,0.243561888,0.23802167,0.243517542,0.239299496,0.243193975,0.233614853,0.223772176,0.222379004,0.221128593,0.214279604,0.211043521,0.214218662,,,
Brunei,,,,,,,,,,,,,,,,,,,,,0.451184435,0.120227699,0.16468118,0.211783359,0.149189999,0.205019072,0.18663142,0.264074676,0.449970922,0.505039949,0.505369589,0.443786409,0.423093534,0.405831208,0.380805001,0.371647033,0.366533362,0.386389153,0.400081236,0.298310461,0.411707799,0.380451369,0.314471259,0.307702975,0.306368515,0.291826188,0.262937075,0.520475042,0.588174169,,,
Bulgaria,,,,,,,,,,,,,,,,,,,,,1.499773106,1.482421592,1.625066784,1.575261906,1.472944903,1.470155489,1.442514339,1.361797431,1.169709672,1.203610973,1.184240001,0.993556789,0.961909282,1.262850864,0.99914313,1.040178364,1.083907046,1.043517796,0.945312019,0.799630834,0.748567753,0.766984568,0.704207186,0.70743627,0.655419926,0.631016917,0.604939086,0.613492367,0.552807703,,,
Burkina Faso,,,,,,,,,,,,,,,,,,,,,0.096383788,0.11908784,0.112269749,0.115445793,0.092142741,0.086916358,0.081130703,0.087530754,0.08860351,0.128671538,0.092465744,0.090604912,0.090923177,0.087370331,0.088757847,0.081573283,0.082933211,0.088918435,0.08851279,0.089073948,0.097788322,0.087817812,0.084492774,0.083910058,0.082102692,0.078737203,0.090186835,0.105358002,0.113079118,,,
Burundi,,,,,,,,,,,,,,,,,,,,,0.082502397,0.079072296,0.079914272,0.100346212,0.107346826,0.100832851,0.102309183,0.107257664,0.097923271,0.113182714,0.110689071,0.119392842,0.109396978,0.123383277,0.129691587,0.137817681,0.148155653,0.143858305,0.130947228,0.129056867,0.133426573,0.094068186,0.091589995,0.06954352,0.06486286,0.065745308,0.075048152,0.067074159,0.062902132,,,
Cambodia,,,,,,,,,,,,,,,,,,,,,,,,,,,,,,,,,,0.061123896,0.0633523,0.158713698,0.170537488,0.189101479,0.210902737,0.185363316,0.174974914,0.189870224,0.192531198,0.194044882,0.196682842,0.184776018,0.182585886,0.180578545,0.175402426,,,
Cameroon,,,,,,,,,,,,,,,,,,,,,0.213632183,0.249622633,0.275674499,0.267951158,0.229198556,0.226733068,0.065774186,0.062178892,0.080387807,0.282836348,0.068546463,0.045552592,0.160578372,0.1703745,0.171126571,0.189370958,0.190204515,0.126466058,0.120124285,0.110465662,0.1181289,0.112664309,0.108205545,0.115507773,0.116119668,0.106043351,0.118530397,0.165628727,0.13837658,,,
Canada,,,,,,,,,,,,,,,,,,,,,0.755322629,0.708564821,0.701694189,0.677802448,0.655958069,0.618554361,0.581940003,0.593563083,0.596455392,0.589297952,0.601126816,0.612576463,0.632408534,0.631529925,0.573041145,0.56388577,0.564670207,0.559549498,0.532683026,0.503694064,0.538275652,0.518734504,0.498928775,0.519415417,0.505872606,0.497170063,0.47141291,0.457454836,0.454258418,,,
Cape Verde,,,,,,,,,,,,,,,,,,,,,,0.109682067,0.115625202,0.104354876,0.217425686,0.20150666,0.136759557,0.183245522,0.15716203,0.163557218,0.177178806,0.181990186,0.197391679,0.184378102,0.184745469,0.177592313,0.209315238,0.20381705,0.204371773,0.210590925,0.195567298,0.205935676,0.229919272,0.226189563,0.226336681,0.236090025,0.225068601,0.209617807,0.195062471,,,
Cayman Islands,,,,,,,,,,,,,,,,,,,,,,,,,,,,,,,,,,,,,,,,,,,,,,,,,,,,
Central African Rep.,,,,,,,,,,,,,,,,,,,,,0.04895314,0.063437247,0.062076626,0.069299959,0.064880754,0.066996968,0.064682645,0.109797187,0.095787446,0.101384926,0.082278609,0.085799947,0.096602188,0.099543224,0.099560337,0.092873446,0.096743175,0.096180445,0.093233983,0.095287965,0.094439305,0.086451547,0.086958156,0.089896653,0.089006587,0.086920495,0.088972087,0.087059305,0.087826239,,,
Chad,,,,,,,,,,,,,,,,,,,,,0.070564456,0.069836123,0.065128748,0.056301409,0.058126601,0.039636699,0.04301005,0.046654541,0.013466571,0.0199724,0.02977619,0.013031439,0.015241246,0.020342114,0.019153915,0.01891996,0.019171134,0.019396709,0.018135972,0.019438773,0.028525512,0.025014953,0.022566547,0.044472872,0.032960754,0.029728155,0.0302132,0.034227609,0.036819717,,,
Channel Islands,,,,,,,,,,,,,,,,,,,,,,,,,,,,,,,,,,,,,,,,,,,,,,,,,,,,
Chile,,,,,,,,,,,,,,,,,,,,,0.421138638,0.390768809,0.365860347,0.384385034,0.379240481,0.342924724,0.335992753,0.321234016,0.355509124,0.386755925,0.401934232,0.351887598,0.324101874,0.322213263,0.337217551,0.331133713,0.35009015,0.378316158,0.378888698,0.40275118,0.3722508,0.32368146,0.328804774,0.318314945,0.332241936,0.32165769,0.316661885,0.323012176,0.324983064,,,
China,,,,,,,,,,,,,,,,,,,,,2.853802891,2.683728611,2.678089882,2.547464173,2.407504389,2.298382397,2.222499336,2.126955674,2.04920455,2.000928294,1.969457609,1.894264099,1.7302484,1.620623417,1.522284251,1.490279879,1.413069228,1.295232572,1.151242655,1.067904057,1.011019077,0.956122011,0.928306613,1.03373441,1.097213555,1.079371025,1.06102914,0.983753041,0.929317318,,,
Colombia,,,,,,,,,,,,,,,,,,,,,0.311592546,0.305401918,0.312438873,0.33124557,0.31745059,0.304159612,0.291672669,0.284618304,0.284122527,0.278863738,0.283245332,0.275893809,0.285338073,0.287606577,0.286814722,0.24051086,0.239275706,0.248089615,0.250753639,0.224208109,0.220080942,0.210282179,0.20291364,0.20143681,0.179087608,0.188230034,0.183520196,0.176909336,0.182325197,,,
Comoros,,,,,,,,,,,,,,,,,,,,,0.12023038,0.115756483,0.108810435,0.103805922,0.099707673,0.1124823,0.103059148,0.115883718,0.119904008,0.123843053,0.145571004,0.153873395,0.141778389,0.137640987,0.145308452,0.146923764,0.12178339,0.117065261,0.12842525,0.138600922,0.142875204,0.144283665,0.144307566,0.15208856,0.158100808,0.16251934,0.176577911,0.175715165,0.179291902,,,
"Congo, Dem. Rep.",,,,,,,,,,,,,,,,,,,,,0.166431627,0.175379828,0.143343718,0.18520338,0.172763006,0.157960025,0.139907023,0.15549455,0.161393099,0.17867538,0.177188966,0.178491689,0.192226032,0.209317977,0.158324044,0.188156503,0.208195292,0.198676505,0.174877199,0.162057149,0.127498435,0.123852037,0.118018396,0.12268689,0.154556711,0.150775143,0.149032938,0.145483249,0.15116502,,,
"Congo, Rep.",,,,,,,,,,,,,,,,,,,,,0.076708505,0.075793175,0.174460078,0.14011269,0.130555863,0.148265957,0.1327333,0.16435103,0.182972031,0.179207584,0.139874383,0.145449526,0.176280043,0.174740171,0.257380991,0.180332245,0.189499059,0.260300905,0.083278314,0.090341048,0.107199033,0.084858499,0.066627437,0.101374092,0.171736368,0.134446737,0.115393248,0.127543403,0.14698116,,,
Costa Rica,,,,,,,,,,,,,,,,,,,,,0.164883572,0.154138634,0.154066446,0.151094458,0.135331159,0.151598263,0.164873732,0.163163042,0.167609966,0.161318983,0.15429916,0.169840572,0.176802674,0.171604008,0.218421812,0.194091864,0.187746876,0.186753031,0.183686019,0.176285566,0.171672316,0.178717415,0.190701978,0.187743194,0.18834427,0.178156278,0.175457067,0.177466693,0.17057888,,,
Cote d'Ivoire,,,,,,,,,,,,,,,,,,,,,0.279402043,0.193754849,0.264489845,0.218064834,0.250266072,0.32462249,0.256000782,0.330792753,0.389992758,0.352437651,0.242417398,0.235574394,0.193745987,0.247383235,0.218669692,0.277249854,0.302345825,0.278980953,0.225222381,0.201004824,0.226193456,0.257392449,0.246256633,0.187453137,0.258477497,0.260645504,0.236189964,0.207639827,0.222958423,,,
Croatia,,,,,,,,,,,,,,,,,,,,,,,,,,,,,,,,,0.368836157,0.400662642,0.388751959,0.380069588,0.377279101,0.368973074,0.382861611,0.388286164,0.358779348,0.364991648,0.367543803,0.375352664,0.352890857,0.339269165,0.324287815,0.324542392,0.303788653,,,
Cuba,,,,,,,,,,,,,,,,,,,,,,,,,,,,,,,,,,,,,,,,,,,,,,,,,,,,
Cyprus,,,,,,,,,,,,,,,,,,,,,0.559926942,0.51871458,0.498084449,0.471192858,0.445041927,0.41356937,0.45583658,0.49488066,0.456305504,0.444484612,0.443553687,0.448624829,0.456381733,0.486593689,0.471380155,0.436991268,0.445571517,0.447985558,0.463595566,0.449733432,0.434186302,0.417160843,0.419121108,0.453681309,0.412012847,0.40562919,0.404409886,0.404777042,0.407738542,,,
Czech Rep.,,,,,,,,,,,,,,,,,,,,,,,,,,,,,,,,,0.938069958,0.886816152,0.83945457,0.803407724,0.790721528,0.781713549,0.760048716,0.668781899,0.718553797,0.699964929,0.663669892,0.652242045,0.625930314,0.579277709,0.551563095,0.524604775,0.483286228,,,
Denmark,,,,,,,,,,,,,,,,,,,,,0.565368734,0.488446893,0.488338939,0.444563221,0.432204153,0.490793036,0.458265783,0.453336225,0.428600221,0.378956546,0.385493443,0.463655707,0.403569479,0.424739188,0.429579914,0.37664228,0.455056765,0.366252769,0.352241212,0.311977832,0.279582709,0.288096666,0.303509238,0.325933341,0.287458488,0.260538773,0.292578971,0.263021012,0.245517821,,,
Djibouti,,,,,,,,,,,,,,,,,,,,,,,,,,,,,,,0.259772306,0.271380943,0.281390434,0.312008896,0.31496116,0.326344924,0.346170096,0.351702338,0.327929624,0.346725932,0.313898902,0.293618162,0.297025809,0.293096844,0.317899659,0.317993328,0.312837796,0.297657101,0.302492861,,,
Dominica,,,,,,,,,,,,,,,,,,,,,0.121653532,0.108537456,0.114651051,0.111645875,0.115526566,0.1235665,0.115398876,0.107329131,0.11407739,0.121979162,0.115889295,0.115189039,0.112878016,0.117950209,0.129966472,0.147573336,0.130704642,0.141663161,0.128811579,0.134029643,0.17451912,0.19356914,0.178055301,0.183243931,0.171642535,0.178126162,0.164727306,0.213372325,0.170876513,,,
Dominican Rep.,,,,,,,,,,,,,,,,,,,,,0.295954251,0.2710758,0.273996056,0.326853438,0.303661827,0.303980856,0.329365719,0.356619135,0.351980055,0.355371299,0.347020655,0.36405898,0.364227704,0.361924182,0.375615173,0.452355469,0.460026455,0.442757272,0.423815973,0.401121559,0.404729979,0.39985646,0.401610498,0.403042637,0.369693067,0.334319901,0.318172024,0.301066149,0.289420868,,,
Ecuador,,,,,,,,,,,,,,,,,,,,,0.296443219,0.356105127,0.413848106,0.430489601,0.450656155,0.400267095,0.302375436,0.305741732,0.322385841,0.374633667,0.303061547,0.282137225,0.375976537,0.406550824,0.218929708,0.359905988,0.368077926,0.270612593,0.3223338,0.329193048,0.315249654,0.335069839,0.335676427,0.349173851,0.346679095,0.335189759,0.325912775,0.330707846,0.267715647,,,
Egypt,,,,,,,,,,,,,,,,,,,,,0.41868678,0.454719322,0.458728212,0.431411706,0.454699398,0.427200605,0.485359295,0.474991503,0.449400554,0.414611522,0.412691875,0.423191274,0.418351522,0.46605309,0.410501785,0.440160553,0.44686973,0.449231787,0.487835871,0.471612294,0.504458517,0.432505249,0.428356198,0.518509882,0.503460763,0.524103318,0.526664097,0.522535799,0.514808813,,,
El Salvador,,,,,,,,,,,,,,,,,,,,,0.10484322,0.100583402,0.103488148,0.109747619,0.091397435,0.112406018,0.112400528,0.134884968,0.133588443,0.138597348,0.133707469,0.159285906,0.157189482,0.166128816,0.17835484,0.19982889,0.18215017,0.205619905,0.199955073,0.189508383,0.186947024,0.190378204,0.188892087,0.200340578,0.188445084,0.184406696,0.180942069,0.185382033,0.162137952,,,
Equatorial Guinea,,,,,,,,,,,,,,,,,,,,,,,,,,0.094314277,0.118023612,0.138693685,0.145114131,0.162118665,0.16190491,0.272944255,0.264504765,0.118092339,0.04012328,0.126413913,0.087011241,0.127069726,0.059933192,0.118824836,0.100649276,0.42314731,0.569922883,0.604352839,0.340531726,0.312471592,0.311225788,0.258647152,0.234588238,,,
Eritrea,,,,,,,,,,,,,,,,,,,,,,,,,,,,,,,,,,,0.083526928,0.131553331,0.141215982,0.19836559,0.217920922,0.228718458,0.258585768,0.246086051,0.22918299,0.282522003,0.295342287,0.286582736,0.211826797,0.215672639,0.170993188,,,
Estonia,,,,,,,,,,,,,,,,,,,,,,,,,,,,,,,,,1.994394656,1.71155166,1.743214923,1.490900396,1.594292538,1.424002881,1.244810803,1.125189645,1.032626059,0.977632817,0.876609206,0.924685806,0.876446931,0.783933939,0.688051906,0.757716815,0.731680554,,,
Ethiopia,,,,,,,,,,,,,,,,,,,,,,0.08577785,0.067464993,0.077606314,0.072099638,0.088470228,0.09844081,0.100772318,0.103828186,0.110207783,0.114518473,0.121971615,0.132734139,0.204178358,0.115093949,0.07772822,0.119782987,0.133159025,0.162178806,0.155679785,0.168612195,0.115052358,0.11786907,0.132993055,0.123002576,0.116212049,0.114517443,0.112424435,0.109928234,,,
Faeroe Islands,,,,,,,,,,,,,,,,,,,,,,,,,,,,,,,,,,,,,,,,,,,,,,,,,,,,
Fiji,,,,,,,,,,,,,,,,,,,,,0.364707582,0.466284837,0.384979431,0.341338317,0.256771148,0.267497155,0.259256184,0.218731583,0.251659893,0.266811802,0.326960873,0.277265545,0.284048626,0.293421332,0.299030132,0.312390641,0.309168392,0.260707098,0.247415066,0.259400033,0.273186047,0.348748145,0.258420308,0.494228566,0.534771516,0.459903194,0.432338856,0.406434298,0.345678361,,,
Finland,,,,,,,,,,,,,,,,,,,,,0.68208745,0.598089847,0.482919632,0.453243268,0.444581341,0.505016705,0.531415392,0.555976729,0.47593189,0.457053167,0.441472,0.50606113,0.469270095,0.500156296,0.551993745,0.467641431,0.529679058,0.488152601,0.440829296,0.412591587,0.368539197,0.389907827,0.414462609,0.458243016,0.427837827,0.338959471,0.392834874,0.36078871,0.318026603,,,
France,,,,,,,,,,,,,,,,,,,,,0.452064208,0.402800848,0.377891667,0.361083064,0.341235226,0.332130562,0.312434649,0.298719172,0.281402928,0.283474182,0.282161636,0.29930235,0.273818984,0.270151747,0.250872398,0.261697312,0.268701178,0.244506222,0.25496907,0.224044168,0.212745722,0.220482773,0.215417923,0.217257154,0.213266465,0.210580077,0.200503924,0.191923339,0.193465218,,,
French Polynesia,,,,,,,,,,,,,,,,,,,,,,,,,,,,,,,,,,,,,,,,,,,,,,,,,,,,
Gabon,,,,,,,,,,,,,,,,,,,,,0.571395313,0.538883617,0.554558435,0.441996157,0.446637643,0.4819198,0.382061139,0.373324885,0.356462714,0.437310895,0.348902993,0.100309107,0.14922566,0.221146622,0.217756587,0.238758987,0.211133075,0.200296386,0.089075716,0.086163345,0.064294522,0.106602617,0.106668239,0.078122481,0.085555775,0.10010797,0.09873615,0.103742485,0.126786627,,,
Gambia,,,,,,,,,,,,,,,,,,,,,0.207107257,0.200448568,0.206690482,0.186403738,0.192314278,0.193889174,0.174379288,0.189543097,0.185123659,0.171320599,0.175561591,0.17682009,0.171041141,0.17526429,0.174994193,0.179550972,0.175645417,0.167440819,0.17548862,0.180395374,0.18320451,0.177778793,0.205228045,0.192035225,0.183560169,0.185190347,0.190729653,0.212883362,0.209373237,,,
Georgia,,,,,,,,,,,,,,,,,,,,,,,,,,,,,,,,,1.196755958,1.098530219,0.749446297,0.276507189,0.439110208,0.433501151,0.470135837,0.400274855,0.410297,0.325340315,0.277250274,0.278013026,0.273349513,0.300639434,0.319132039,0.311544942,0.262824607,,,
Germany,,,,,,,,,,,,,,,,,,,,,,,,,,,,,,,,0.444733722,0.421556836,0.418071416,0.404493918,0.396898978,0.40360848,0.386542701,0.377460381,0.341123702,0.334067937,0.338439926,0.328579703,0.331702942,0.325095621,0.31550952,0.305110736,0.286483357,0.283206155,,,
Ghana,,,,,,,,,,,,,,,,,,,,,0.23604492,0.291223724,0.312510401,0.393340006,0.255638115,0.313395067,0.272944043,0.280828037,0.2792173,0.257515399,0.292942031,0.286291864,0.279098276,0.303125629,0.319049013,0.327940008,0.332575642,0.354555909,0.339415267,0.332736007,0.308129914,0.325423764,0.333689257,0.325195582,0.294877698,0.268068712,0.336189382,0.325449636,0.267595768,,,
Gibraltar,,,,,,,,,,,,,,,,,,,,,,,,,,,,,,,,,,,,,,,,,,,,,,,,,,,,
Greece,,,,,,,,,,,,,,,,,,,,,0.312954621,0.313519223,0.326029146,0.351044974,0.353486308,0.366264063,0.355536272,0.390462008,0.401057089,0.42157182,0.41327792,0.372695706,0.413279535,0.420795058,0.427362888,0.422961493,0.419530973,0.425836274,0.427751809,0.408081679,0.413044163,0.405879043,0.391816823,0.378001889,0.367523976,0.36497231,0.340934025,0.334172835,0.333335723,,,
Greenland,,,,,,,,,,,,,,,,,,,,,,,,,,,,,,,,,,,,,,,,,,,,,,,,,,,,
Grenada,,,,,,,,,,,,,,,,,,,,,0.132870964,0.162151489,0.164198438,0.159530423,0.152245855,0.149148134,0.153090799,0.151507142,0.186435859,0.188317948,0.196911824,0.192490494,0.204763559,0.234351195,0.263159374,0.268141255,0.263168569,0.29350288,0.25580393,0.250272468,0.222234027,0.247801951,0.238562513,0.231172348,0.235208683,0.227725183,0.243089307,0.229856175,0.226592994,,,
Guam,,,,,,,,,,,,,,,,,,,,,,,,,,,,,,,,,,,,,,,,,,,,,,,,,,,,
Guatemala,,,,,,,,,,,,,,,,,,,,,0.165507664,0.144657193,0.137062039,0.123326559,0.132058807,0.136855903,0.143486321,0.149562372,0.148717906,0.147273893,0.171089835,0.163980836,0.18626546,0.168523601,0.19579402,0.19546487,0.176247217,0.192896189,0.211652687,0.207910354,0.222836797,0.233380642,0.236245109,0.220053791,0.224032711,0.235347079,0.225757591,0.223397034,0.199364192,,,
Guinea,,,,,,,,,,,,,,,,,,,,,,,,,,,0.239374787,0.230875967,0.224388732,0.219603884,0.212717468,0.210898801,0.204218908,0.199720653,0.21379268,0.208036175,0.201189696,0.193356768,0.179157807,0.175200028,0.172954408,0.170514652,0.167570723,0.161159897,0.157476768,0.154981522,0.15120706,0.151799412,0.145039398,,,
Guinea-Bissau,,,,,,,,,,,,,,,,,,,,,0.194101957,0.160153479,0.153698036,0.159104877,0.164516741,0.168704721,0.180909251,0.186359384,0.19833334,0.199603834,0.206044979,0.198887857,0.199534236,0.209192892,0.202706291,0.196717891,0.178559739,0.180558783,0.176385277,0.185808836,0.139308256,0.139030196,0.157969963,0.188337088,0.1925373,0.189873336,0.193647692,0.195144764,0.186630475,,,
Guyana,,,,,,,,,,,,,,,,,,,,,1.118986031,1.109268545,0.996746907,0.949322233,1.126007542,1.111104597,0.825691519,1.025067847,1.141899067,1.022513138,1.006029002,0.933960981,0.812351097,0.753306234,0.877318786,0.927480364,0.887369546,0.875417444,0.919167447,0.890677325,0.864979701,0.812579147,0.819666459,0.814255441,0.757897874,0.800148987,0.766635786,0.716482043,0.702433376,,,
Haiti,,,,,,,,,,,,,,,,,,,,,,,,,,,,,,,,0.099557363,0.095863159,0.073978962,0.038064248,0.108554515,0.120872234,0.153230424,0.129858635,0.136588442,0.139144048,0.161343721,0.188209439,0.178115628,0.211542899,0.217004481,0.21672254,0.237285803,0.238897861,,,
Honduras,,,,,,,,,,,,,,,,,,,,,0.201113975,0.173768582,0.170547101,0.195400193,0.185890465,0.17117585,0.164718519,0.182781455,0.201245209,0.210128925,0.199485702,0.201127548,0.217066038,0.189235941,0.224554198,0.250881831,0.24721081,0.247225599,0.268644264,0.279216776,0.280171738,0.309719855,0.318247438,0.338310328,0.346582653,0.338032263,0.304226853,0.35420447,0.326170755,,,
"Hong Kong, China",,,,,,,,,,,,,,,,,,,,,0.235999298,0.242157786,0.248027073,0.249658452,0.241507755,0.24706116,0.248319044,0.240887904,0.231637252,0.233253347,0.204617285,0.202216592,0.220527608,0.218545294,0.184436568,0.181395637,0.161679277,0.161700296,0.218799118,0.232489221,0.204429097,0.19033055,0.181872513,0.191440766,0.169228165,0.166815672,0.148205459,0.144392601,0.136229182,,,
Hungary,,,,,,,,,,,,,,,,,,,,,0.714698093,0.692844614,0.675672061,0.688321956,0.683408832,0.649331444,0.620450409,0.602706083,0.559018352,0.539513317,0.462822347,0.528990142,0.50511222,0.520222876,0.488039818,0.49733648,0.518428111,0.495533972,0.468793889,0.450599703,0.410086967,0.393787863,0.37026581,0.375484495,0.347987428,0.338037314,0.321688467,0.313578259,0.304064919,,,
Iceland,,,,,,,,,,,,,,,,,,,,,0.374492322,0.337298536,0.301172465,0.297910323,0.335587758,0.291416177,0.302631319,0.280511795,0.295570724,0.300489145,0.317228733,0.310623988,0.30050461,0.312129031,0.304031097,0.29314811,0.318896213,0.289343581,0.271678146,0.256893324,0.25759578,0.240732941,0.248370224,0.242057989,0.231305662,0.212876252,0.206008977,0.203631578,0.191623675,,,
India,,,,,,,,,,,,,,,,,,,,,0.566373471,0.574541197,0.590255974,0.596910468,0.594597034,0.619811447,0.634299226,0.65157323,0.641643877,0.662189001,0.653648164,0.691044949,0.695791895,0.690115943,0.687294514,0.679646031,0.688332465,0.689045728,0.666244274,0.662362207,0.660219958,0.636569139,0.625155109,0.602786062,0.584791141,0.560575983,0.546906547,0.533775637,0.549797739,,,
Indonesia,,,,,,,,,,,,,,,,,,,,,0.475065035,0.46418614,0.483170624,0.443617836,0.442434655,0.46210043,0.437870334,0.421405074,0.424451707,0.385583293,0.403976917,0.445663797,0.468484785,0.471352061,0.443943028,0.416080509,0.435254057,0.45735193,0.397142367,0.44535664,0.461139431,0.498270736,0.500636452,0.49098685,0.500215869,0.47693016,0.454512186,0.465924754,0.484098826,,,
Iran,,,,,,,,,,,,,,,,,,,,,0.436438229,0.429834187,0.465263426,0.448364054,0.45826281,0.479111041,0.486968111,0.53104564,0.625434865,0.639367508,0.667731876,0.610166882,0.619654055,0.584310671,0.757583927,0.708595354,0.66562644,0.652753966,0.691218487,0.679166866,0.69198388,0.702598202,0.686656418,0.704444115,0.719387717,0.71307527,0.72252316,0.689139925,0.716294737,,,
Iraq,,,,,,,,,,,,,,,,,,,,,,,,,,,,,,,,,,,,,,0.980139972,0.770355373,0.616521298,0.64566088,0.814349716,0.903091218,1.606500984,1.191206345,1.182004165,1.150954711,1.129904999,1.056953518,,,
Ireland,,,,,,,,,,,,,,,,,,,,,0.584383051,0.560599391,0.537659049,0.542459177,0.516336618,0.524845912,0.578203423,0.569015929,0.534301594,0.501099145,0.474336581,0.506535501,0.462679348,0.451024096,0.445621218,0.40896876,0.402504914,0.376918955,0.362713365,0.344398059,0.321965385,0.32848068,0.307972034,0.290484105,0.281320742,0.267060731,0.253009676,0.247786645,0.250737665,,,
Isle of Man,,,,,,,,,,,,,,,,,,,,,,,,,,,,,,,,,,,,,,,,,,,,,,,,,,,,
Israel,,,,,,,,,,,,,,,,,,,,,0.362874438,0.346185885,0.386000205,0.37069345,0.364390639,0.368946905,0.37694392,0.361692676,0.389028497,0.407560456,0.402849096,0.382761744,0.438226449,0.451657643,0.440835847,0.475644949,0.451664566,0.511743211,0.485924418,0.465727257,0.430177678,0.45135483,0.436383314,0.44334104,0.409777619,0.365284258,0.383923434,0.204039626,0.200202254,,,
Italy,,,,,,,,,,,,,,,,,,,,,0.366340118,0.353046968,0.343837031,0.332217398,0.327433168,0.322406131,0.308657474,0.31316263,0.305341951,0.314339619,0.314938132,0.317340286,0.314169169,0.309348826,0.295299771,0.304743453,0.29490102,0.292208101,0.294333153,0.287014054,0.282687336,0.278077038,0.278207922,0.290148416,0.286516479,0.284421565,0.276453095,0.26671425,0.261459526,,,
Jamaica,,,,,,,,,,,,,,,,,,,,,0.77590748,0.663140958,0.544948804,0.554603775,0.449288361,0.454006334,0.401897487,0.440806496,0.356666955,0.494476168,0.561693202,0.549831604,0.534204891,0.507465206,0.513408708,0.563843979,0.593286281,0.625594536,0.586193558,0.582739805,0.609961006,0.619832487,0.595022759,0.58970556,0.58120729,0.543783143,0.631793419,0.716063317,0.63237151,,,
Japan,,,,,,,,,,,,,,,,,,,,,0.45628288,0.429977745,0.406125092,0.396821901,0.408254516,0.379165037,0.369567363,0.352700392,0.362158138,0.353385511,0.339142871,0.329998232,0.334175959,0.329155763,0.345616388,0.342098985,0.339415304,0.333080187,0.327995698,0.339422971,0.335966118,0.330583536,0.333694225,0.334581429,0.331544919,0.319710397,0.311696457,0.309301516,0.302186835,,,
Jordan,,,,,,,,,,,,,,,,,,,,,0.551278124,0.653113177,0.652699904,0.748860143,0.781984938,0.772781695,0.784762511,0.794017207,0.779833714,0.89323874,0.996695896,0.921913265,0.972585232,0.917034065,0.984123116,0.92154942,0.944703166,0.929346739,0.909971308,0.881679635,0.900277751,0.88251451,0.88031761,0.874188684,0.886908574,0.896425472,0.818869992,0.782577493,0.723396722,,,
Kazakhstan,,,,,,,,,,,,,,,,,,,,,,,,,,,,,,,,,2.675181562,2.492965066,2.573493886,2.343038517,1.967276287,1.781624755,1.752813092,1.589779839,1.588035884,1.619686531,1.515389918,1.403514681,1.433286298,1.345067231,1.317123754,1.431582783,1.444065576,,,
Kenya,,,,,,,,,,,,,,,,,,,,,0.277073506,0.281217051,0.199222257,0.195265354,0.177855888,0.148809078,0.153295118,0.179891799,0.156779759,0.162369115,0.174765651,0.143211321,0.165254767,0.188649382,0.18986273,0.20951401,0.248437335,0.219076642,0.257547765,0.255147275,0.259752087,0.225094789,0.190399478,0.156798981,0.168378879,0.178565155,0.18780477,0.180215326,0.187632878,,,
Kiribati,,,,,,,,,,,,,,,,,,,,,0.241770797,0.250463967,0.205228122,0.161409516,0.1634067,0.17130847,0.140568952,0.174012508,0.147164773,0.160939052,0.157577494,0.164688172,0.159607878,0.155528997,0.148212395,0.150064632,0.23588417,0.178911034,0.181370925,0.159001719,0.166798472,0.133846181,0.126042868,0.120613275,0.119525331,0.119167785,0.133653412,0.149750194,0.134589814,,,
"Korea, Dem. Rep.",,,,,,,,,,,,,,,,,,,,,,,,,,,,,,,,,,,,,,,,,,,,,,,,,,,,
"Korea, Rep.",,,,,,,,,,,,,,,,,,,,,0.635998309,0.619866235,0.586270176,0.562622287,0.565419574,0.575628242,0.53218941,0.505632725,0.526666233,0.524216248,0.499659638,0.502871639,0.507055851,0.528627484,0.522789162,0.521694538,0.527348311,0.531737742,0.490823184,0.486696573,0.491164363,0.480865762,0.474639763,0.461884821,0.457137012,0.422085424,0.40815376,0.410913392,0.410521297,,,
Kosovo,,,,,,,,,,,,,,,,,,,,,,,,,,,,,,,,,,,,,,,,,,,,,,,,,,,,
Kuwait,,,,,,,,,,,,,,,,,,,,,0.448195246,0.56562273,0.541584753,0.500698659,0.624562666,0.67055153,0.748137614,0.616391859,0.716718232,0.62067139,,,0.396064178,0.493021441,0.53298718,0.742872873,0.69945341,0.706721867,0.70561021,0.749766159,0.794021255,0.735364287,0.682659146,0.680375063,0.696278233,0.699138069,0.619258322,0.60199125,,,,
Kyrgyzstan,,,,,,,,,,,,,,,,,,,,,,,,,,,,,,,,,1.235267159,1.11732196,1.020364971,0.796270742,0.928879272,0.82900637,0.862280494,0.651665727,0.613650304,0.486401917,0.623797223,0.6344042,0.629825091,0.583478621,0.564317834,0.649694586,0.575870119,,,
Laos,,,,,,,,,,,,,,,,,,,,,,,,,0.060511095,0.063350363,0.06259611,0.063501509,0.064804204,0.063720299,0.059716556,0.061729657,0.06441093,0.060815197,0.060666598,0.059446136,0.094381152,0.118556175,0.141958004,0.133376598,0.148102266,0.15846211,0.165162734,0.159534007,0.154389923,0.147181799,0.144318149,0.135884865,0.125956386,,,
Latvia,,,,,,,,,,,,,,,,,,,,,,,,,,,,,,,,,0.879741473,0.795162777,0.726578756,0.627289538,0.598858707,0.488698007,0.441916307,0.35622273,0.304922728,0.313412521,0.285697724,0.284003059,0.262948042,0.23921172,0.225444947,0.214102415,0.214076106,,,
Lebanon,,,,,,,,,,,,,,,,,,,,,,,,,,,,,0.329635134,0.602144378,0.53788387,0.406304142,0.464918323,0.446016025,0.451417435,0.452869769,0.43642751,0.506462443,0.505511676,0.521048716,0.475524031,0.482894873,0.462272758,0.50868801,0.437287415,0.451064546,0.38415788,0.368689579,0.372117752,,,
Lesotho,,,,,,,,,,,,,,,,,,,,,,,,,,,,,,,,,,,,,,,,,,,,,,,,,,,,
Liberia,,,,,,,,,,,,,,,,,,,,,0.606039534,0.588141455,0.186881691,0.225341761,0.226632968,0.235740382,0.242199235,0.256943585,0.279869772,0.311481086,0.461330081,0.317813829,0.495866506,0.82411168,1.041374291,1.13779428,1.048244092,0.524384182,0.441818354,0.37645145,0.321068493,0.359216202,0.346399401,0.533663914,0.61340681,0.688137903,0.654147537,0.534391762,0.447720153,,,
Libya,,,,,,,,,,,,,,,,,,,,,,,,,,,,,,,,,,,,,,,,0.741742071,0.753484162,0.808230273,0.763550988,0.697613314,0.683860746,0.644205426,0.628012501,0.597110296,0.619072725,,,
Liechtenstein,,,,,,,,,,,,,,,,,,,,,,,,,,,,,,,,,,,,,,,,,,,,,,,,,,,,
Lithuania,,,,,,,,,,,,,,,,,,,,,,,,,,,,,,,,,0.645273508,0.60833056,0.668942074,0.604540841,0.557975006,0.506245937,0.496675249,0.424429555,0.366261279,0.363363324,0.347746866,0.308334968,0.296355598,0.288826063,0.273427989,0.263621654,0.255999673,,,
Luxembourg,,,,,,,,,,,,,,,,,,,,,1.096792017,0.942957877,0.876196611,0.796185083,0.807497779,0.806537018,0.720709422,0.66509862,0.633494261,0.617954691,0.606988441,0.600316365,0.65466833,0.575969048,0.523940568,0.422019231,0.420092463,0.372070131,0.324634481,0.312864099,0.309150786,0.314181089,0.331456244,0.3435493,0.367153387,0.356436994,0.339114079,0.304808752,0.293013769,,,
"Macao, China",,,,,,,,,,,,,,,,,,,,,,,0.109861915,0.140732206,0.115062752,0.138500499,0.155115366,0.150472302,0.138531226,0.140964239,0.130986936,0.133480057,0.117020492,0.121758553,0.126106713,0.118241393,0.135175444,0.143660923,0.157215313,0.157686107,0.159175793,0.159545522,0.132458841,0.118491054,0.104950711,0.102855736,0.079810109,0.06659119,0.055153597,,,
"Macedonia, FYR",,,,,,,,,,,,,,,,,,,,,,,,,,,,,,,,,0.75543404,0.783360062,0.807274813,0.845254227,0.904875686,0.807896434,0.927819251,0.825698395,0.81274566,0.846611038,0.765045629,0.769540206,0.727874444,0.700945493,0.647353403,0.633223485,0.629335381,,,
Madagascar,,,,,,,,,,,,,,,,,,,,,0.145425422,0.102483066,0.102881375,0.066866104,0.095167312,0.105929618,0.113050999,0.126006076,0.121858715,0.085386515,0.084363094,0.09807819,0.09428196,0.094614017,0.116406755,0.114128381,0.120153825,0.139650775,0.137262853,0.14526364,0.134965497,0.118335917,0.096140915,0.12447189,0.130352297,0.109747359,0.104049352,0.104071678,0.102872858,,,
Malawi,,,,,,,,,,,,,,,,,,,,,0.165584279,0.148698308,0.142429057,0.133084088,0.122290594,0.116945056,0.116425766,0.113046428,0.108829885,0.111739359,0.114645919,0.113648661,0.121960625,0.117396214,0.135633321,0.117973731,0.107168396,0.110171614,0.115774283,0.135225038,0.120890931,0.127220084,0.122054787,0.125292715,0.12103598,0.110872924,0.107063919,0.101194631,0.120060211,,,
Malaysia,,,,,,,,,,,,,,,,,,,,,0.415875445,0.428149572,0.400822564,0.468557072,0.397310457,0.419655887,0.457780884,0.442819286,0.422176883,0.451966765,0.470389064,0.520439402,0.524707772,0.58161018,0.545836896,0.640363174,0.602523629,0.558933334,0.551933294,0.49154345,0.529642102,0.569006501,0.533630191,0.598267717,0.587439329,0.608829126,0.562562687,0.57396942,0.585143593,,,
Maldives,,,,,,,,,,,,,,,,,,,,,,,,,,,,,,,,,,,,0.345819592,0.367748044,0.382865209,0.317336773,0.413026813,0.422165431,0.471078942,0.531959084,0.397136981,0.452988008,0.440085714,0.464300506,0.428082201,0.391627056,,,
Mali,,,,,,,,,,,,,,,,,,,,,0.072195391,0.076233176,0.074019021,0.080518436,0.080531061,0.084740621,0.073220262,0.069355441,0.073224588,0.071133094,0.073111589,0.074451419,0.069879466,0.073177578,0.073685728,0.070479281,0.070948953,0.07145249,0.066444483,0.06490095,0.063316331,0.056863643,0.055328927,0.050132688,0.051396675,0.048765573,0.046311085,0.045261197,0.044197191,,,
Malta,,,,,,,,,,,,,,,,,,,,,0.309012293,0.334484792,0.375227958,0.28684602,0.388641672,0.333019096,0.397029477,0.476456946,0.47682516,0.475297077,0.448674918,0.4265217,0.418274618,0.473125015,0.445972923,0.425158611,0.450930534,0.468125703,0.2946847,0.307859228,0.257840841,0.315609926,0.284417293,0.320327843,0.316560927,0.319083118,0.298782522,0.302412531,0.269618328,,,
Marshall Islands,,,,,,,,,,,,,,,,,,,,,,,,,,,,,,,,,,,,,,,,,,,,,,,,,,,,
Mauritania,,,,,,,,,,,,,,,,,,,,,0.211224975,0.214864017,0.292944333,0.298800621,0.285758071,0.210438114,0.113433352,0.977851217,0.945219404,0.795626707,0.757851943,0.768093815,0.807243682,0.767207142,0.834528428,0.726014501,0.689463457,0.718525639,0.254644115,0.25513577,0.255455032,0.268860673,0.293793682,0.285140039,0.299603402,0.282441127,0.239709545,0.275218065,0.272364257,,,
Mauritius,,,,,,,,,,,,,,,,,,,,,0.163899675,0.142295232,0.124855816,0.147983128,0.148279367,0.156474279,0.161053119,0.172327354,0.148026803,0.174539975,0.226383546,0.225461366,0.237688716,0.234930509,0.206488703,0.223028249,0.225194116,0.218282227,0.226179665,0.247655976,0.254828603,0.266203813,0.261983492,0.266730473,0.256059274,0.270051886,0.287731097,0.279679782,0.269558229,,,
Mayotte,,,,,,,,,,,,,,,,,,,,,,,,,,,,,,,,,,,,,,,,,,,,,,,,,,,,
Mexico,,,,,,,,,,,,,,,,,,,,,0.381236202,0.371477938,0.40083396,0.385783771,0.386339443,0.383026451,0.406484265,0.416557815,0.412143879,0.413561531,0.386589343,0.383439286,0.376656149,0.368168827,0.374114854,0.379937097,0.371517636,0.354529275,0.347828353,0.342638393,0.323281624,0.332736297,0.327640801,0.332608825,0.322546856,0.333293973,0.323554006,0.319160813,0.333615999,,,
"Micronesia, Fed. Sts.",,,,,,,,,,,,,,,,,,,,,,,,,,,,,,,,,,,,,,,,0.176610416,0.169036922,0.16628843,0.165456197,0.162604145,0.168052447,0.164604028,0.164351672,0.190330762,0.195014842,,,
Moldova,,,,,,,,,,,,,,,,,,,,,,,,,,,,,,,,,2.07882594,1.568030592,1.755423815,1.648051023,1.789715368,1.085399036,1.025341601,0.762243462,0.582418429,0.580448456,0.577783318,0.583396893,0.576573761,0.576501532,0.561304626,0.511009245,0.483094144,,,
Monaco,,,,,,,,,,,,,,,,,,,,,,,,,,,,,,,,,,,,,,,,,,,,,,,,,,,,
Mongolia,,,,,,,,,,,,,,,,,,,,,,1.91726001,1.800886503,1.76067189,1.532261567,2.028743982,1.987448771,2.102331197,2.190688148,1.916619216,1.881433283,2.504431183,2.504553669,2.174693127,1.819919257,1.702949092,1.69038461,1.560214683,1.509070776,1.434862504,1.409652058,1.438118794,1.443382005,1.307713589,1.258183333,1.208304079,1.193234221,1.210514986,1.146703102,,,
Montenegro,,,,,,,,,,,,,,,,,,,,,,,,,,,,,,,,,,,,,,,,,,,,,,0.398421004,0.440767369,0.316640679,0.293992225,,,
Morocco,,,,,,,,,,,,,,,,,,,,,0.346367757,0.35424852,0.34767726,0.364732969,0.349934337,0.330065718,0.322099719,0.352141919,0.335727845,0.354941724,0.350457131,0.347809122,0.377849058,0.413643365,0.393718719,0.431875658,0.395265834,0.412920941,0.385674498,0.396992125,0.399629348,0.413322916,0.405774763,0.374750351,0.38641524,0.395883786,0.377411315,0.386581586,0.378977029,,,
Mozambique,,,,,,,,,,,,,,,,,,,,,0.601068884,0.444218515,0.486979224,0.449302049,0.373552843,0.276287349,0.242134613,0.211102539,0.200928019,0.194133343,0.184766443,0.180652093,0.1856107,0.183966709,0.17113698,0.172913893,0.150904197,0.14797482,0.134442991,0.130384992,0.146493379,0.153328022,0.141558378,0.161267291,0.149768279,0.131058376,0.131021314,0.158766805,0.133584058,,,
Myanmar,,,,,,,,,,,,,,,,,,,,,0.466127875,0.447287916,0.420523245,0.415497183,0.450520511,0.447320841,0.457536222,0.349235668,0.326025607,0.340724586,0.317502244,0.312455321,0.33316644,0.343418232,0.37347285,0.389195419,0.381242546,0.372883246,0.379434378,0.373826788,0.330834417,0.245645511,0.243895743,0.25191327,0.264552737,0.295551948,0.234106633,0.209333932,0.185914107,,,
Namibia,,,,,,,,,,,,,,,,,,,,,,,,,,,,,,,0.001300127,0.002403793,0.00224254,0.002860634,0.004264979,0.243228191,0.25802605,0.247108039,0.250753596,0.215372984,0.207251308,0.242308254,0.245462491,0.251074405,0.23647924,0.245550423,0.246094744,0.244950528,0.31140901,,,
Nepal,,,,,,,,,,,,,,,,,,,,,0.063672609,0.049239753,0.046298669,0.053240732,0.069036627,0.062668733,0.062200141,0.075816696,0.080159381,0.070595443,0.046875541,0.066740565,0.088821429,0.094246503,0.100807944,0.116788155,0.135453584,0.144348495,0.113352873,0.155240802,0.146843738,0.149650251,0.117259756,0.122884375,0.110096427,0.124291627,0.123654147,0.123002504,0.120025925,,,
Netherlands,,,,,,,,,,,,,,,,,,,,,0.563273991,0.527577404,0.434998021,0.438660303,0.446558706,0.444009478,0.423640788,0.437020983,0.406824409,0.432526981,0.417773834,0.429139327,0.410724062,0.415364202,0.404810742,0.400678329,0.409560563,0.375731046,0.355626377,0.3158227,0.308201514,0.305871636,0.314938334,0.318759743,0.31510472,0.300624555,0.281661709,0.280221235,0.277256685,,,
New Caledonia,,,,,,,,,,,,,,,,,,,,,,,,,,,,,,,,,,,,,,,,,,,,,,,,,,,,
New Zealand,,,,,,,,,,,,,,,,,,,,,0.319513618,0.293526848,0.320226854,0.306793747,0.313960888,0.345333039,0.359183852,0.374057018,0.396723116,0.394411403,0.372009994,0.383734138,0.406049175,0.372093123,0.366259144,0.3572484,0.380695149,0.391217178,0.376954744,0.376292475,0.379933851,0.383637291,0.359673883,0.345447751,0.331270863,0.318997304,0.318298142,0.303413449,0.309637172,,,
Nicaragua,,,,,,,,,,,,,,,,,,,,,0.227592067,0.228115876,0.227236684,0.205545862,0.193135787,0.21650624,0.229204742,0.277489128,0.292389785,0.199392647,0.340179705,0.266612977,0.319743047,0.296888245,0.318866113,0.334327523,0.324130849,0.334032716,0.351461098,0.348067194,0.338071139,0.343453659,0.338928348,0.35666146,0.340481388,0.313763124,0.316784852,0.321466153,0.297957371,,,
Niger,,,,,,,,,,,,,,,,,,,,,0.103550715,0.12337684,0.132443228,0.179264648,0.222083984,0.206923708,0.175953543,0.195120043,0.180521471,0.188124891,0.152323809,0.146638591,0.149857613,0.165663425,0.157957395,0.162354751,0.173248836,0.167996815,0.161511312,0.16021763,0.122021727,0.108677767,0.113159185,0.11617688,0.116060819,0.104121548,0.097538774,0.100676672,0.090283905,,,
Nigeria,,,,,,,,,,,,,,,,,,,,,0.548312042,0.610829732,0.608964871,0.58740604,0.716984392,0.656070936,0.673058124,0.547214825,0.593612351,0.332193071,0.328250906,0.312462975,0.435363796,0.394334678,0.306032233,0.22343326,0.247990557,0.240090761,0.235618641,0.259766707,0.435710421,0.444862433,0.515728172,0.443804889,0.418111618,0.425289817,0.354971266,0.320376829,0.326633819,,,
Northern Mariana Islands,,,,,,,,,,,,,,,,,,,,,,,,,,,,,,,,,,,,,,,,,,,,,,,,,,,,
Norway,,,,,,,,,,,,,,,,,,,,,0.327233365,0.305685542,0.301834173,0.266142829,0.276443837,0.276523654,0.256375426,0.26303802,0.250870215,0.276875041,0.228255473,0.226277725,0.202558435,0.207951588,0.184878897,0.200210024,0.191532471,0.186954513,0.184534665,0.21447951,0.196506077,0.204013924,0.183076401,0.206461806,0.198783317,0.192401208,0.196184264,0.193996007,0.215804403,,,
Oman,,,,,,,,,,,,,,,,,,,,,0.52135139,0.443259326,0.378651121,0.426241897,0.390813342,0.368374297,0.396462922,0.392222347,0.41512617,0.352601215,0.377964797,0.376895551,0.384086128,0.403260228,0.440109667,0.437384939,0.405602389,0.391827934,0.4079504,0.510193283,0.512867533,0.442262725,0.538772818,0.687452382,0.641878069,0.677679362,0.721403352,0.700738627,0.703938965,,,
Pakistan,,,,,,,,,,,,,,,,,,,,,0.325484533,0.323530082,0.330027641,0.333209191,0.337228207,0.345024707,0.342818534,0.34861737,0.352229202,0.351397092,0.378390102,0.358465289,0.354994612,0.373871624,0.391964392,0.371866749,0.396504266,0.393619817,0.395794367,0.392456826,0.399164351,0.39814643,0.406373672,0.4039351,0.416476961,0.401561335,0.403715017,0.421363038,0.420661561,,,
Palau,,,,,,,,,,,,,,,,,,,,,,,,,,,,,,,,1.041080619,0.538753659,0.594497729,0.554051938,0.516249176,0.482701426,0.47184891,0.462596963,0.489003132,0.48754051,0.752005969,0.779280797,0.821126676,0.782770902,0.756231458,0.77576409,0.786944124,0.827491192,,,
Panama,,,,,,,,,,,,,,,,,,,,,0.269685479,0.222306824,0.202310913,0.228239195,0.195075154,0.175493863,0.176216903,0.213216896,0.207733287,0.182111684,0.213708788,0.21130279,0.231176462,0.2254227,0.253823558,0.181160176,0.247658355,0.28401272,0.264099518,0.242236055,0.240866263,0.289846213,0.23604972,0.238909559,0.209351358,0.203212473,0.21183123,0.184173116,0.172835918,,,
Papua New Guinea,,,,,,,,,,,,,,,,,,,,,0.295322412,0.312753148,0.314018672,0.313952791,0.320819887,0.320642394,0.297292165,0.32730004,0.299573572,0.281095936,0.304970047,0.268381544,0.234478343,0.192702672,0.198946905,0.192275723,0.189386976,0.232823776,0.268671144,0.229015365,0.256195638,0.30829802,0.335777028,0.371205506,0.408129864,0.405568658,0.393779468,0.248894272,0.157983102,,,
Paraguay,,,,,,,,,,,,,,,,,,,,,0.118566849,0.102969454,0.103958336,0.111119706,0.114319256,0.114387306,0.124572477,0.134918183,0.144743774,0.142149568,0.133140679,0.128247273,0.145586214,0.157741228,0.180221098,0.19365426,0.182529145,0.198188877,0.211515721,0.214697003,0.181971732,0.184671503,0.188484834,0.189540967,0.182834059,0.166564983,0.166080484,0.161430015,0.151865492,,,
Peru,,,,,,,,,,,,,,,,,,,,,0.22937908,0.213849107,0.211277705,0.206961462,0.19905961,0.182588426,0.185860799,0.203086307,0.216617278,0.213396235,0.218054647,0.20585293,0.206442321,0.227673916,0.19900407,0.188378336,0.187446977,0.197319605,0.201523216,0.21083739,0.211343251,0.18909145,0.180198316,0.168073973,0.193578175,0.212582579,0.186384688,0.210684369,0.178744117,,,
Philippines,,,,,,,,,,,,,,,,,,,,,0.278039771,0.254499515,0.246947435,0.246543496,0.235871681,0.240387895,0.237816419,0.249561967,0.276775014,0.26620218,0.283191191,0.29314161,0.320791085,0.320186267,0.336508477,0.360517592,0.354302477,0.397181192,0.390438594,0.365601256,0.379362606,0.35961805,0.341988419,0.326596309,0.317151221,0.310614202,0.246223805,0.268333731,0.272639133,,,
Poland,,,,,,,,,,,,,,,,,,,,,,,,,,,,,,,1.176211522,1.247085223,1.20199505,1.14323204,1.035380342,0.99875833,0.972659769,0.88861685,0.788305687,0.731573531,0.667517093,0.662004458,0.639924068,0.632540734,0.601004128,0.577417413,0.571559523,0.528193743,0.503809732,,,
Portugal,,,,,,,,,,,,,,,,,,,,,0.23813425,0.232680782,0.23393172,0.241610448,0.243563855,0.226082723,0.23665636,0.236637478,0.231279547,0.271264019,0.270741027,0.286190186,0.30735973,0.28441945,0.289382672,0.298134596,0.279258648,0.280558642,0.290239389,0.31074565,0.291069734,0.284967143,0.300605759,0.278197388,0.282414731,0.289709489,0.258459454,0.257296382,0.240556095,,,
Puerto Rico,,,,,,,,,,,,,,,,,,,,,,,,,,,,,,,,,,,,,,,,,,,,,,,,,,,,
Qatar,,,,,,,,,,,,,,,,,,,,,,,,,,,,,,,,,,,,,,,,,0.906534157,0.760341731,0.725970182,0.81904293,0.844261153,0.90935011,0.845458681,0.791885346,0.636126505,,,
Romania,,,,,,,,,,,,,,,,,,,,,1.159382874,1.159563786,1.101568416,1.063633809,0.94783431,0.974198001,0.989557352,1.030348218,1.03850584,1.10951211,0.871922786,0.866643659,0.864504161,0.831681367,0.765049423,0.785540946,0.751212015,0.725887163,0.681507013,0.596370552,0.586350446,0.58979282,0.540653293,0.534926968,0.490589281,0.468876156,0.466765442,0.424894063,0.373451079,,,
Russia,,,,,,,,,,,,,,,,,,,,,,,,,,,,,,,,,1.461525068,1.462831308,1.44481346,1.45513317,1.488597269,1.387186375,1.403737308,1.339363917,1.232841285,1.166275306,1.108258956,1.065020734,1.004975335,0.95223439,0.909830514,0.837264283,0.815112083,,,
Rwanda,,,,,,,,,,,,,,,,,,,,,0.117263052,0.135108145,0.134323414,0.145068088,0.137937947,0.128302467,0.118025427,0.121675085,0.131684473,0.130345942,0.132129453,0.125335639,0.119759863,0.131076747,0.254427677,0.185925984,0.169844737,0.154387295,0.139433325,0.135532565,0.128117508,0.118712099,0.106947837,0.103532382,0.097435413,0.089144934,0.081634555,0.080259848,0.07106572,,,
Saint Kitts and Nevis,,,,,,,,,,,,,,,,,,,,,,0.220206388,0.268477962,0.210869932,0.191059509,0.179566915,0.183743533,0.158462249,0.174344999,0.162004089,0.158408425,0.175320047,0.169704142,0.18297767,0.181660681,0.1898362,0.191883299,0.179716207,0.177684162,0.168884237,0.164307265,0.287518268,0.307370423,0.339926383,0.326340315,0.318967498,0.302321663,0.301001473,0.283622995,,,
Saint Lucia,,,,,,,,,,,,,,,,,,,,,0.229407392,0.185881345,0.24852184,0.21531839,0.193023636,0.231367065,0.207158171,0.225806301,0.226475145,0.207653953,0.168079754,0.170971449,0.190345163,0.205453062,0.235247357,0.268882148,0.270068501,0.25403926,0.236053716,0.238850705,0.247098872,0.286476228,0.249781927,0.269565684,0.252600121,0.249585097,0.235716239,0.2446408,0.238738312,,,
Saint Martin,,,,,,,,,,,,,,,,,,,,,,,,,,,,,,,,,,,,,,,,,,,,,,,,,,,,
Saint Vincent and the Grenadines,,,,,,,,,,,,,,,,,,,,,0.110925865,0.104519406,0.109708591,0.105085673,0.162389725,0.153029519,0.143470261,0.160113571,0.119746009,0.136305588,0.135937444,0.128964238,0.131363321,0.159669156,0.194008061,0.209546008,0.212518658,0.18761345,0.216950879,0.212415179,0.195055685,0.217435154,0.217938056,0.21973173,0.20617405,0.205688005,0.191269665,0.184678298,0.181674726,,,
Samoa,,,,,,,,,,,,,,,,,,,,,,,0.294393051,0.293129562,0.289403338,0.278488018,0.263958216,0.262689182,0.26653341,0.273586407,0.294916481,0.301859235,0.311360175,0.299097191,0.289361799,0.296243609,0.276155179,0.273954036,0.267547341,0.27611143,0.257986887,0.247242673,0.236803803,0.237627353,0.232291589,0.228355348,0.223905115,0.215157847,0.223415764,,,
San Marino,,,,,,,,,,,,,,,,,,,,,,,,,,,,,,,,,,,,,,,,,,,,,,,,,,,,
Sao Tome and Principe,,,,,,,,,,,,,,,,,,,,,,,,,,,,,,,,,,,,,,,,,,0.561924369,0.584154377,0.573208664,0.555637243,0.593674421,0.556526192,0.525024709,0.496242649,,,
Saudi Arabia,,,,,,,,,,,,,,,,,,,,,0.509795329,0.504450439,0.511164253,0.567349167,0.566034342,0.655969672,0.740701881,0.718068516,0.704723742,0.708402111,0.690260869,0.789821897,0.806424595,0.887059573,0.867371011,0.654502123,0.696856366,0.569705891,0.529632565,0.584961778,0.73094587,0.722310555,0.788726497,0.733096658,0.744498491,0.748165271,0.75760215,0.769200711,0.805703044,,,
Senegal,,,,,,,,,,,,,,,,,,,,,0.404324935,0.378501224,0.325207368,0.296081242,0.358527616,0.280936464,0.270961145,0.235344558,0.264703806,0.343066461,0.297427877,0.312067462,0.313187437,0.319265069,0.346690723,0.294715798,0.309213818,0.261630781,0.259549338,0.263374524,0.271651083,0.285630522,0.297948975,0.307951271,0.306321762,0.321822811,0.256531545,0.274435525,0.245124233,,,
Serbia,,,,,,,,,,,,,,,,,,,,,,,,,,,,,,,,,0.784103985,0.982545865,0.932500514,0.928386618,1.007523183,0.983734162,1.027927242,0.798540696,0.842035783,0.859230876,0.88222241,0.91876871,0.91847481,0.734803456,0.745685516,0.705361879,0.695160977,,,
Seychelles,,,,,,,,,,,,,,,,,,,,,0.13571562,0.153549846,0.132280182,0.157985795,0.151166472,0.20656699,0.227121424,0.265883071,0.247682065,0.263985806,0.119507897,0.146309869,0.157537113,0.145048161,0.169477619,0.1742393,0.172460047,0.322332616,0.315765123,0.361623041,0.381556983,0.443663809,0.370716649,0.404552544,0.578060146,0.484345024,0.47782252,0.364769709,0.404357625,,,
Sierra Leone,,,,,,,,,,,,,,,,,,,,,0.237101879,0.262392686,0.200069644,0.254443779,0.218434685,0.248538073,0.249572653,0.172027008,0.170160417,0.137844634,0.138606973,0.163531468,0.203493095,0.214727054,0.252323213,0.275983295,0.279268811,0.341336809,0.32233264,0.344329153,0.358820536,0.413102379,0.450137755,0.423287902,0.343018533,0.378334757,0.346507044,0.344798438,0.332193379,,,
Singapore,,,,,,,,,,,,,,,,,,,,,0.864237694,0.666703854,0.689204158,0.746784692,0.654948615,0.659523763,0.682509076,0.573436624,0.571785415,0.601810819,0.612504509,0.581131574,0.575491202,0.561007683,0.607110035,0.407852555,0.444408707,0.512536893,0.433231531,0.357841983,0.31084071,0.282574421,0.266619788,0.210007345,0.226184243,0.25977771,0.227493473,0.157357179,0.139042773,,,
Slovak Republic,,,,,,,,,,,,,,,,,,,,,,,,,,,,,,,,,0.85168421,0.793820897,0.736132816,0.749910036,0.689710012,0.647872987,0.639236037,0.589236843,0.532677531,0.554592764,0.528857322,0.507867407,0.474305354,0.449590829,0.412358183,0.350802183,0.340019191,,,
Slovenia,,,,,,,,,,,,,,,,,,,,,,,,,,,,,,,,,0.458046543,0.450419297,0.367024199,0.456555945,0.46085433,0.468670826,0.433601694,0.401660152,0.371423342,0.37431783,0.366542999,0.358058954,0.348078828,0.337947358,0.326500598,0.304821122,0.311784263,,,
Solomon Islands,,,,,,,,,,,,,,,,,,,,,,,,,,,,,,,0.222793194,0.21017397,0.18650558,0.175296233,0.156803358,0.151787777,0.149389805,0.151571947,0.148915491,0.1530385,0.178506949,0.202605612,0.208441987,0.204048694,0.194520365,0.184517324,0.172532122,0.171759205,0.160073817,,,
Somalia,,,,,,,,,,,,,,,,,,,,,,,,,,,,,,,,,,,,,,,,,,,,,,,,,,,,
South Africa,,,,,,,,,,,,,,,,,,,,,0.945438777,1.010906186,1.106986263,1.173934286,1.207635455,1.254424567,1.27989152,1.246624126,1.247390408,1.211301268,1.188108721,1.24648419,1.194689823,1.244421476,1.263079694,1.206243689,1.173392007,1.183577298,1.180310822,1.149449448,1.096389858,1.050210831,0.971003968,1.033045965,1.074587449,1.006018829,0.946825018,0.958010371,0.930310881,,,
Spain,,,,,,,,,,,,,,,,,,,,,0.373946177,0.361005397,0.36106469,0.346268571,0.330161947,0.32759889,0.299444151,0.284307279,0.282372752,0.30639717,0.296432055,0.298583037,0.308441441,0.288584669,0.303855153,0.310894239,0.300134215,0.300466802,0.298734413,0.293194533,0.291017343,0.28400921,0.292029488,0.289176728,0.296015397,0.297501427,0.283236468,0.279867871,0.255057141,,,
Sri Lanka,,,,,,,,,,,,,,,,,,,,,0.145060593,0.164201648,0.175126093,0.181792709,0.135473172,0.13216664,0.116527937,0.127937256,0.106469388,0.104641383,0.109286428,0.11250166,0.134116725,0.121638869,0.127077619,0.129108983,0.149164532,0.151349623,0.149501079,0.157623059,0.176997624,0.181268016,0.187335353,0.171235189,0.182279914,0.166943788,0.156373574,0.153553972,0.138456575,,,
Sudan,,,,,,,,,,,,,,,,,,,,,0.175640166,0.158842253,0.157608925,0.157678072,0.148863801,0.184594103,0.182679447,0.12612667,0.183034302,0.130278226,0.203834534,0.183716354,0.152194512,0.088987764,0.134651617,0.131540269,0.115184382,0.132278895,0.109912109,0.115590656,0.11586809,0.125629392,0.151981615,0.158504623,0.178097037,0.193603101,0.169435516,0.16688773,0.173151488,,,
Suriname,,,,,,,,,,,,,,,,,,,,,0.984659453,0.84206211,0.791247316,0.598741116,0.703986126,0.736113611,0.838252251,0.968420537,0.952572247,0.852340246,0.836248566,0.943732088,0.950578538,1.04630009,1.016827189,1.01427511,0.977982135,0.929702057,0.924917458,0.928272951,0.917777336,0.935350695,0.886492703,0.832203849,0.780612656,0.777756935,0.767814464,0.730109862,0.69760098,,,
Swaziland,,,,,,,,,,,,,,,,,,,,,0.335827033,0.274484144,0.271302926,0.166705002,0.193103526,0.245337784,0.22764119,0.189094199,0.177436911,0.15714744,0.126580955,0.095438077,0.074795281,0.036271022,0.129875828,0.116388082,0.084061378,0.287552349,0.282817716,0.280520933,0.264250455,0.251550751,0.243197374,0.220048091,0.211573855,0.204282899,0.197040679,0.199305117,0.200085985,,,
Sweden,,,,,,,,,,,,,,,,,,,,,0.424071836,0.41114264,0.364515394,0.335082929,0.3160406,0.336565755,0.325338801,0.302701292,0.283614586,0.266785626,0.245910688,0.266459783,0.278131747,0.264180925,0.269690577,0.246253184,0.273970822,0.240155602,0.232325008,0.206442673,0.192566351,0.195263473,0.213994663,0.199482838,0.190417436,0.174574143,0.160916237,0.150994526,0.155103681,,,
Switzerland,,,,,,,,,,,,,,,,,,,,,0.225138878,0.21241015,0.202879718,0.220521484,0.209300523,0.205247906,0.213988792,0.200476335,0.196324524,0.182717261,0.191559975,0.190616973,0.194812857,0.184800435,0.184617317,0.174732843,0.17645456,0.179581535,0.176369099,0.169045238,0.156758935,0.170454879,0.160903663,0.159134402,0.155981423,0.155468338,0.15184355,0.133008332,0.138408217,,,
Syria,,,,,,,,,,,,,,,,,,,,,0.706140338,0.825675445,0.743292915,0.836740013,1.032293559,0.87168747,0.969664344,1.099415743,0.989904614,1.01726701,1.0239625,1.094491977,0.992322358,1.000373488,0.95717403,0.961549935,0.911460857,0.917673574,1.034842533,1.110680979,1.058984239,0.964196074,0.83691609,1.041485834,0.938531025,0.842847119,0.850386967,0.836097628,0.807997523,,,
Tajikistan,,,,,,,,,,,,,,,,,,,,,,,,,,,,,,,,,0.697173702,0.597183935,0.345500992,0.410380416,0.56861661,0.425679084,0.468989318,0.456240485,0.374057586,0.347781959,0.261649342,0.261961289,0.254848952,0.23672294,0.234282498,0.293599562,0.264046648,,,
Tanzania,,,,,,,,,,,,,,,,,,,,,,,,,,,,,0.119491776,0.11109675,0.111543038,0.112150107,0.108140205,0.119295704,0.108959799,0.152837748,0.142422371,0.11454664,0.097944079,0.09275192,0.092350556,0.102790571,0.110087963,0.109202543,0.115811948,0.126036588,0.124891751,0.130861768,0.130382215,,,
Thailand,,,,,,,,,,,,,,,,,,,,,0.38047223,0.34073086,0.322204647,0.341740824,0.349922878,0.354043482,0.342606831,0.358412175,0.372255402,0.390678924,0.426901999,0.476609106,0.481518929,0.499964046,0.509336219,0.534558006,0.563881469,0.592458208,0.587785027,0.594268249,0.580576768,0.612067283,0.61743712,0.613866517,0.629140526,0.618075937,0.606980852,0.573975629,0.567291478,,,
Timor-Leste,,,,,,,,,,,,,,,,,,,,,,,,,,,,,,,,,,,,,,,,,,,0.252582741,0.252315834,0.264269556,0.248788627,0.269501751,0.255174071,0.234505678,,,
Togo,,,,,,,,,,,,,,,,,,,,,0.237501206,0.214312545,0.259971161,0.20476448,0.216120194,0.185010952,0.234329772,0.252468078,0.244671932,0.248188318,0.230244052,0.252746069,0.260935294,0.318112657,0.266111338,0.282623001,0.288641373,0.23489452,0.284218676,0.365420557,0.325234557,0.279147895,0.284129784,0.32853371,0.304575393,0.288380759,0.252851477,0.266489727,0.280598255,,,
Tonga,,,,,,,,,,,,,,,,,,,,,,0.196372074,0.17306125,0.183838581,0.180697346,0.169575796,0.16605761,0.186050124,0.240183428,0.239250583,0.269952942,0.301999457,0.289190764,0.325231935,0.320952127,0.32013637,0.320103667,0.331209611,0.312041616,0.350445285,0.319648179,0.355283213,0.351500141,0.421669978,0.408670213,0.412589314,0.412106927,0.424933165,0.413813578,,,
Trinidad and Tobago,,,,,,,,,,,,,,,,,,,,,1.026431924,1.000205697,1.026355847,1.000142216,1.141385521,1.408991238,1.220231245,1.28856264,1.214522011,1.245865304,1.289532823,1.558615521,1.580025884,1.2850145,1.46452572,1.487915472,1.486996625,1.278194367,1.191476428,1.348083094,1.364689013,1.338267408,1.331395481,1.198371675,1.265323228,1.173025315,1.154476121,1.183255692,1.552862925,,,
Tunisia,,,,,,,,,,,,,,,,,,,,,0.367342289,0.360252365,0.351224661,0.398150909,0.384566297,0.376373745,0.385887686,0.352198523,0.373364412,0.389626339,0.361832912,0.406563951,0.365787687,0.393158762,0.368091891,0.355001502,0.35286744,0.338393547,0.34247868,0.328962202,0.342783158,0.341609948,0.339093586,0.327339582,0.324072465,0.31654575,0.303893591,0.295151667,0.295921444,,,
Turkey,,,,,,,,,,,,,,,,,,,,,0.288262276,0.289826609,0.304779832,0.302206592,0.299634354,0.320209933,0.327729794,0.332693805,0.316144133,0.347690165,0.344412011,0.344235836,0.333551428,0.329428936,0.340090664,0.344594869,0.349595474,0.342508004,0.338961677,0.335988893,0.345664346,0.329902224,0.328543401,0.331580341,0.312763782,0.303834344,0.31322153,0.325664011,0.322761413,,,
Turkmenistan,,,,,,,,,,,,,,,,,,,,,,,,,,,,,,,,,2.261553806,2.47672414,3.624045612,4.038689537,3.921563936,4.219041512,3.441078684,3.98359809,3.409914474,3.15193837,2.817465183,2.528257641,1.981266735,1.847082395,1.741927294,1.628919749,1.481241163,,,
Turks and Caicos Islands,,,,,,,,,,,,,,,,,,,,,,,,,,,,,,,,,,,,,,,,,,,,,,,,,,,,
Tuvalu,,,,,,,,,,,,,,,,,,,,,,,,,,,,,,,,,,,,,,,,,,,,,,,,,,,,
Uganda,,,,,,,,,,,,,,,,,,,,,,,0.071536357,0.076730712,0.072895716,0.077744227,0.088237099,0.089840514,0.097158025,0.087426152,0.082110221,0.080929202,0.079266102,0.069748324,0.059405318,0.06848641,0.069044972,0.070730368,0.079642158,0.076734931,0.081837176,0.082829699,0.07960107,0.075404671,0.075265291,0.090319002,0.094305029,0.103017466,0.110811644,,,
Ukraine,,,,,,,,,,,,,,,,,,,,,,,,,,,,,,,,,1.854410241,1.839979363,1.954281559,2.220519739,2.281303092,1.94609549,1.910763947,1.937387943,1.764674106,1.620417134,1.526114013,1.541954367,1.339833752,1.289049356,1.161550014,1.079986361,1.038612325,,,
United Arab Emirates,,,,,,,,,,,,,,,,,,,,,0.294616918,0.281137652,0.301508871,0.30340372,0.382903241,0.427410895,0.475493686,0.464401989,0.483638066,0.484996936,0.391228104,0.425196052,0.419558227,0.470233901,0.487572034,0.441448104,0.242524573,0.227367808,0.443630411,0.414610074,0.53716766,0.476911494,0.387322108,0.449168193,0.435051278,0.425016121,0.410537006,0.447102826,0.486435636,,,
United Kingdom,,,,,,,,,,,,,,,,,,,,,0.591814635,0.580000309,0.555055113,0.532584355,0.503034416,0.513432914,0.501483876,0.482210359,0.457980468,0.456601392,0.444111362,0.469015019,0.463316231,0.437867169,0.417121875,0.405304145,0.405212369,0.364141214,0.350629924,0.326917309,0.31770652,0.31190597,0.29356137,0.28820154,0.282560298,0.275141162,0.268545329,0.253026579,0.252579919,,,
United States,,,,,,,,,,,,,,,,,,,,,0.814500522,0.762453064,0.73817352,0.711915671,0.68487652,0.660200839,0.638995032,0.646030416,0.647642509,0.633333469,0.612786804,0.613241084,0.59375152,0.61167423,0.594287719,0.580712477,0.570802664,0.562327808,0.53304746,0.515671127,0.493602032,0.477415804,0.473014005,0.46434549,0.455813781,0.444792639,0.426969103,0.423906693,0.414838254,,,
Uruguay,,,,,,,,,,,,,,,,,,,,,0.256501543,0.23257342,0.233637074,0.203962878,0.186500894,0.175601472,0.155639388,0.161407417,0.214744713,0.215640301,0.175909909,0.193767464,0.203812025,0.171501176,0.14555501,0.166737288,0.18719276,0.176054537,0.172445393,0.207942735,0.167292499,0.166886652,0.164191855,0.162104586,0.188357401,0.180436522,0.199524807,0.168990987,0.218876557,,,
Uzbekistan,,,,,,,,,,,,,,,,,,,,,,,,,,,,,,,,,3.142053023,3.34345425,3.302194333,3.029848709,3.046431625,2.856330656,3.163427631,3.029129748,2.981119964,2.910725365,2.910624448,2.700168522,2.437428074,2.09321688,2.053086944,1.883012307,1.862718291,,,
Vanuatu,,,,,,,,,,,,,,,,,,,,,0.194902229,0.15403863,0.139149473,0.130971333,0.119514618,0.260370145,0.126407082,0.105766638,0.148996202,0.138593447,0.138665682,0.127368967,0.124150953,0.123225848,0.112992783,0.111861018,0.139681111,0.138928322,0.127648869,0.127222941,0.114887802,0.124451474,0.130176601,0.130945175,0.125323375,0.07442178,0.06007704,0.095457691,0.10216766,,,
Venezuela,,,,,,,,,,,,,,,,,,,,,0.520856394,0.529466328,0.549114064,0.568736683,0.561357808,0.608718366,0.618069549,0.604608875,0.597683652,0.612926275,0.646069312,0.556385643,0.481117001,0.563550562,0.603062045,0.59482172,0.549103536,0.563357579,0.701578791,0.769738232,0.655487541,0.717615719,0.88197515,0.950392757,0.703820762,0.605029963,0.530004119,0.518944761,0.510943003,,,
Vietnam,,,,,,,,,,,,,,,,,,,,,,,,,0.385231461,0.447562327,0.475021231,0.515756602,0.437921228,0.308073345,0.358375514,0.338910244,0.325537157,0.309065496,0.325173494,0.330084257,0.354839373,0.432172795,0.431151908,0.413624173,0.43213961,0.464994313,0.502717744,0.521435511,0.619189626,0.584496679,0.434476561,0.537209806,0.573242319,,,
Virgin Islands (U.S.),,,,,,,,,,,,,,,,,,,,,,,,,,,,,,,,,,,,,,,,,,,,,,,,,,,,
West Bank and Gaza,,,,,,,,,,,,,,,,,,,,,,,,,,,,,,,,,,,,,,0.049692065,0.065144521,0.064942706,0.083278494,0.16542829,0.158552458,0.163983561,0.225116492,0.31127129,,,,,,
"Yemen, Rep.",,,,,,,,,,,,,,,,,,,,,,,,,,,,,,,0.443145017,0.439210011,0.577411324,0.364088634,0.411191475,0.385113409,0.488619564,0.481088231,0.357792959,0.39265274,0.389604535,0.416697232,0.388888876,0.411463048,0.431801798,0.434111412,0.436475107,0.44643563,0.458323614,,,
Zambia,,,,,,,,,,,,,,,,,,,,,0.39907943,0.358329261,0.385568618,0.365444669,0.316117428,0.303810576,0.316487574,0.288290561,0.315419944,0.264018642,0.249227746,0.246327514,0.254850465,0.242904095,0.257258129,0.237451975,0.191276268,0.236724471,0.23343885,0.17841697,0.173300676,0.173199421,0.173147831,0.175790206,0.167396916,0.170239886,0.162084372,0.114902108,0.119388624,,,
Zimbabwe,,,,,,,,,,,,,,,,,,,,,,,,,,,,,,,,,,,,,,,,,,,,,,,,,,,,
